analyte,sample_id,group,true_conc
IL-6,S001,vehicle,134.23929414844366
IL-6,S002,vehicle,93.7930315694224
IL-6,S003,vehicle,62.06846579689925
IL-6,S004,vehicle,44.24349647012382
IL-6,S005,vehicle,32.83673183450441
IL-6,S006,vehicle,80.70388368435509
IL-6,S007,vehicle,54.655899323201474
IL-6,S008,vehicle,53.09645516171571
IL-6,S009,vehicle,72.07448951174385
IL-6,S010,vehicle,78.0741341624758
IL-6,S011,vehicle,27.43804209955346
IL-6,S012,vehicle,123.57507793088025
IL-6,S013,LPS,154.29089611191174
IL-6,S014,LPS,958.6198819879947
IL-6,S015,LPS,527.9669583558986
IL-6,S016,LPS,320.4402755140148
IL-6,S017,LPS,751.9559865713248
IL-6,S018,LPS,403.92703679107626
IL-6,S019,LPS,553.4657711041549
IL-6,S020,LPS,420.6754625488561
IL-6,S021,LPS,669.705641867912
IL-6,S022,LPS,658.745291912107
IL-6,S023,LPS,261.12891372851306
IL-6,S024,LPS,299.94261959824905
IL-6,S025,LPS+drug,211.51053561715634
IL-6,S026,LPS+drug,163.08170248127132
IL-6,S027,LPS+drug,61.500104659680204
IL-6,S028,LPS+drug,466.4913349803455
IL-6,S029,LPS+drug,64.76138994811572
IL-6,S030,LPS+drug,67.66872815129173
IL-6,S031,LPS+drug,98.80807995096612
IL-6,S032,LPS+drug,234.73071978730485
IL-6,S033,LPS+drug,418.6726070935839
IL-6,S034,LPS+drug,161.14602182484145
IL-6,S035,LPS+drug,149.7772329894294
IL-6,S036,LPS+drug,195.3301434347271
IL-6,CTRL_LO,,40.0
IL-6,CTRL_MID,,160.0
IL-6,CTRL_HI,,600.0
TNF-α,S001,vehicle,14.91792383474917
TNF-α,S002,vehicle,30.011117698556458
TNF-α,S003,vehicle,20.881911885081394
TNF-α,S004,vehicle,9.986270796077212
TNF-α,S005,vehicle,23.353326999647273
TNF-α,S006,vehicle,17.297684689971074
TNF-α,S007,vehicle,46.31408597532764
TNF-α,S008,vehicle,30.0495029207863
TNF-α,S009,vehicle,19.070221863539402
TNF-α,S010,vehicle,32.45378091861827
TNF-α,S011,vehicle,64.71140124713966
TNF-α,S012,vehicle,17.704433693075607
TNF-α,S013,LPS,72.74920221569838
TNF-α,S014,LPS,104.97839655168377
TNF-α,S015,LPS,111.54934041973628
TNF-α,S016,LPS,117.04741979715263
TNF-α,S017,LPS,59.36013201240346
TNF-α,S018,LPS,114.10129968961179
TNF-α,S019,LPS,67.95215170081862
TNF-α,S020,LPS,79.61848695416991
TNF-α,S021,LPS,157.9209529332444
TNF-α,S022,LPS,81.27689743154177
TNF-α,S023,LPS,139.10670438761233
TNF-α,S024,LPS,95.35470398888171
TNF-α,S025,LPS+drug,100.64524973634117
TNF-α,S026,LPS+drug,100.19464975822581
TNF-α,S027,LPS+drug,122.01259745583411
TNF-α,S028,LPS+drug,126.73437558312251
TNF-α,S029,LPS+drug,69.83387231365501
TNF-α,S030,LPS+drug,184.639102621271
TNF-α,S031,LPS+drug,120.50336124965487
TNF-α,S032,LPS+drug,138.9802719719374
TNF-α,S033,LPS+drug,141.33635651154137
TNF-α,S034,LPS+drug,78.0805931198077
TNF-α,S035,LPS+drug,92.34427661163099
TNF-α,S036,LPS+drug,98.01759399761407
TNF-α,CTRL_LO,,20.0
TNF-α,CTRL_MID,,70.0
TNF-α,CTRL_HI,,250.0
