Source,doi:10.5061/dryad.tdz08kq3p (CC0) plate 1
Analyte,mouse IL-6 (BioLegend ELISA MAX Deluxe 431304)

,1,2,3,4,5,6,7,8,9,10,11,12
A,1.547,1.563,0.104,0.12,0.117,0.115,0.083,0.08,0.076,0.082,0.041,0.041
B,0.886,0.92,0.094,0.08,0.089,0.084,0.084,0.084,0.08,0.08,0.04,0.041
C,0.524,0.536,0.082,0.066,0.112,0.1,0.078,0.078,0.082,0.076,0.04,0.041
D,0.3,0.301,0.09,0.09,0.079,0.078,0.088,0.073,0.109,0.12,0.04,0.041
E,0.192,0.188,0.081,0.099,0.077,0.077,0.069,0.08,0.102,0.097,0.04,0.04
F,0.136,0.129,0.08,0.078,0.082,0.073,0.08,0.084,0.076,0.075,0.04,0.04
G,0.108,0.102,0.079,0.076,0.086,0.092,0.073,0.083,0.068,0.071,0.04,0.043
H,0.088,0.081,0.078,0.077,0.083,0.092,0.081,0.079,0.068,0.073,0.041,0.04
