well,type,sample_id,concentration,dilution,operator_masked
A1,standard,STD1,3000.0,1.0,False
A2,standard,STD1,3000.0,1.0,False
A3,standard,STD1,3000.0,1.0,False
B1,standard,STD2,1500.0,1.0,False
B2,standard,STD2,1500.0,1.0,False
B3,standard,STD2,1500.0,1.0,False
C1,standard,STD3,750.0,1.0,True
C2,standard,STD3,750.0,1.0,False
C3,standard,STD3,750.0,1.0,False
D1,standard,STD4,375.0,1.0,False
D2,standard,STD4,375.0,1.0,False
D3,standard,STD4,375.0,1.0,False
E1,standard,STD5,187.5,1.0,True
E2,standard,STD5,187.5,1.0,False
E3,standard,STD5,187.5,1.0,False
F1,standard,STD6,93.75,1.0,True
F2,standard,STD6,93.75,1.0,False
F3,standard,STD6,93.75,1.0,False
G1,standard,STD7,46.875,1.0,False
G2,standard,STD7,46.875,1.0,True
G3,standard,STD7,46.875,1.0,False
H1,blank,,,1.0,False
H2,blank,,,1.0,False
H3,blank,,,1.0,False
B4,sample,Assay_2_p1:P1,,10.0,False
B5,sample,Assay_2_p1:P1,,10.0,False
B6,sample,Assay_2_p1:P1,,10.0,True
E4,sample,Assay_2_p1:P2,,10.0,True
E5,sample,Assay_2_p1:P2,,10.0,False
E6,sample,Assay_2_p1:P2,,10.0,False
C4,sample,Assay_2_p1:P3,,10.0,False
C5,sample,Assay_2_p1:P3,,10.0,False
C6,sample,Assay_2_p1:P3,,10.0,False
F4,sample,Assay_2_p1:P4,,10.0,False
F5,sample,Assay_2_p1:P4,,10.0,False
F6,sample,Assay_2_p1:P4,,10.0,False
D4,sample,Assay_2_p1:P5,,10.0,True
D5,sample,Assay_2_p1:P5,,10.0,False
D6,sample,Assay_2_p1:P5,,10.0,False
G4,sample,Assay_2_p1:P6,,10.0,False
G5,sample,Assay_2_p1:P6,,10.0,False
G6,sample,Assay_2_p1:P6,,10.0,False
D7,sample,Assay_2_p1:P7,,10.0,False
D8,sample,Assay_2_p1:P7,,10.0,False
D9,sample,Assay_2_p1:P7,,10.0,True
B7,sample,Assay_2_p1:P8,,10.0,False
B8,sample,Assay_2_p1:P8,,10.0,False
B9,sample,Assay_2_p1:P8,,10.0,False
E7,sample,Assay_2_p1:P9,,10.0,False
E8,sample,Assay_2_p1:P9,,10.0,False
E9,sample,Assay_2_p1:P9,,10.0,False
C7,sample,Assay_2_p1:P10,,10.0,False
C8,sample,Assay_2_p1:P10,,10.0,False
C9,sample,Assay_2_p1:P10,,10.0,False
F7,sample,Assay_2_p1:P11,,10.0,False
F8,sample,Assay_2_p1:P11,,10.0,False
F9,sample,Assay_2_p1:P11,,10.0,False
C11,sample,Assay_2_p1:P12,,10.0,False
D10,sample,Assay_2_p1:P12,,10.0,False
D11,sample,Assay_2_p1:P12,,10.0,False
G7,sample,Assay_2_p1:P13,,10.0,False
G8,sample,Assay_2_p1:P13,,10.0,False
G9,sample,Assay_2_p1:P13,,10.0,False
E10,sample,Assay_2_p1:P14,,10.0,False
E11,sample,Assay_2_p1:P14,,10.0,False
F10,sample,Assay_2_p1:P14,,10.0,False
B10,sample,Assay_2_p1:P15,,10.0,False
B11,sample,Assay_2_p1:P15,,10.0,False
C10,sample,Assay_2_p1:P15,,10.0,False
F11,control,QC_CONTROL,,1.0,False
G10,control,QC_CONTROL,,1.0,False
G11,control,QC_CONTROL,,1.0,False
