well,type,sample_id,concentration,dilution,group
A1,standard,STD1,1000,1,
A2,standard,STD1,1000,1,
B1,standard,STD2,500,1,
B2,standard,STD2,500,1,
C1,standard,STD3,250,1,
C2,standard,STD3,250,1,
D1,standard,STD4,125,1,
D2,standard,STD4,125,1,
E1,standard,STD5,62.5,1,
E2,standard,STD5,62.5,1,
F1,standard,STD6,31.25,1,
F2,standard,STD6,31.25,1,
G1,standard,STD7,15.625,1,
G2,standard,STD7,15.625,1,
H1,blank,,,1,
H2,blank,,,1,
A3,control,CTRL_LO,,1,
A4,control,CTRL_LO,,1,
B3,control,CTRL_MID,,1,
B4,control,CTRL_MID,,1,
C3,control,CTRL_HI,,1,
C4,control,CTRL_HI,,1,
D3,sample,S036,,2,LPS+drug
D4,sample,S036,,2,LPS+drug
E3,sample,S030,,2,LPS+drug
E4,sample,S030,,2,LPS+drug
F3,sample,S003,,2,vehicle
F4,sample,S003,,2,vehicle
G3,sample,S021,,2,LPS
G4,sample,S021,,2,LPS
H3,sample,S032,,2,LPS+drug
H4,sample,S032,,2,LPS+drug
A5,sample,S022,,2,LPS
A6,sample,S022,,2,LPS
B5,sample,S027,,2,LPS+drug
B6,sample,S027,,2,LPS+drug
C5,sample,S012,,2,vehicle
C6,sample,S012,,2,vehicle
D5,sample,S017,,2,LPS
D6,sample,S017,,2,LPS
E5,sample,S031,,2,LPS+drug
E6,sample,S031,,2,LPS+drug
F5,sample,S024,,2,LPS
F6,sample,S024,,2,LPS
G5,sample,S016,,2,LPS
G6,sample,S016,,2,LPS
H5,sample,S019,,2,LPS
H6,sample,S019,,2,LPS
A7,sample,S029,,2,LPS+drug
A8,sample,S029,,2,LPS+drug
B7,sample,S020,,2,LPS
B8,sample,S020,,2,LPS
C7,sample,S002,,2,vehicle
C8,sample,S002,,2,vehicle
D7,sample,S026,,2,LPS+drug
D8,sample,S026,,2,LPS+drug
E7,sample,S011,,2,vehicle
E8,sample,S011,,2,vehicle
F7,sample,S036,,8,LPS+drug
F8,sample,S036,,8,LPS+drug
G7,sample,S030,,8,LPS+drug
G8,sample,S030,,8,LPS+drug
H7,sample,S003,,8,vehicle
H8,sample,S003,,8,vehicle
A9,sample,S021,,8,LPS
A10,sample,S021,,8,LPS
