Source,ELISAtools 0.1.8 extdata Assay_2.txt plate 1 (MIT)
Value,OD450 - OD620

,1,2,3,4,5,6,7,8,9,10,11,12
A,2.2044,2.6608,2.4175,0.0263,0.0251,0.0239,0.0252,0.0221,0.0312,0.0260,0.0290,0.0298
B,1.3761,1.5866,1.4294,0.0458,0.0418,0.0377,0.0956,0.0779,0.0916,0.1101,0.0980,0.0216
C,0.6535,0.9034,0.7430,0.0392,0.0378,0.0379,0.1037,0.1095,0.1139,0.0915,0.0679,0.0232
D,0.3694,0.4633,0.4322,0.0572,0.0369,0.0389,0.0685,0.0627,0.0821,0.0725,0.0785,0.0261
E,0.1781,0.2271,0.2465,0.0413,0.0376,0.0376,0.0737,0.0760,0.0799,0.0853,0.0883,0.0274
F,0.1050,0.1356,0.1225,0.0423,0.0417,0.0436,0.0590,0.0609,0.0688,0.0811,0.9386,0.0324
G,0.0589,0.0530,0.0619,0.0636,0.0560,0.0582,0.0962,0.1002,0.0990,0.9059,0.8770,0.0252
H,0.0278,0.0373,0.0237,0.0252,0.0238,0.0289,0.0288,0.0508,0.0755,0.0251,0.0460,0.0260
