Source,ELISAtools 0.1.8 extdata Assay_3_and_4.txt plate 1 (MIT)
Value,OD450 - OD620

,1,2,3,4,5,6,7,8,9,10,11,12
A,2.1480,2.2301,2.1374,0.0177,0.0186,0.0224,0.0223,0.0176,0.0222,0.0167,0.0210,0.0238
B,1.3051,1.3231,1.4580,0.0438,0.0442,0.0395,0.1154,0.1115,0.1216,0.0823,0.0803,0.0262
C,0.7650,0.8364,0.9028,0.1115,0.1147,0.0933,0.0818,0.0844,0.0775,0.0752,0.0491,0.0343
D,0.4043,0.4647,0.5201,0.1386,0.1535,0.1620,0.1062,0.1804,0.0932,0.0565,0.0577,0.0341
E,0.2054,0.2496,0.2347,0.0616,0.0578,0.0535,0.0959,0.1049,0.1147,0.0613,0.0654,0.0289
F,0.1019,0.1060,0.1138,0.0627,0.0677,0.0623,0.0537,0.0529,0.0482,0.0570,0.8450,0.0279
G,0.0591,0.0587,0.0656,0.0898,0.0721,0.0676,0.0742,0.0692,0.0719,0.7950,0.6985,0.0272
H,0.0219,0.0226,0.0192,0.0243,0.0214,0.0202,0.0247,0.0218,0.0236,0.0220,0.0262,0.0178
