Simulated plate export,IL6_P2
Analyte,IL-6
Wavelength,450 nm

,1,2,3,4,5,6,7,8,9,10,11,12
A,2.1583,2.1049,0.2753,0.2538,0.2558,0.2708,0.2763,0.2558,0.2279,0.2062,,
B,1.8168,1.6735,0.8289,0.8189,0.6732,0.7020,1.1330,1.0573,,,,
C,1.3001,1.1944,1.6636,1.7078,0.4583,0.4549,0.2021,0.2045,,,,
D,0.7396,0.7118,1.5686,1.4990,1.0470,1.0342,1.0077,0.9965,,,,
E,0.4622,0.4492,0.1493,0.1580,0.2621,0.2874,0.2234,0.2213,,,,
F,0.2772,0.2554,0.1740,0.1835,0.8635,0.9493,0.6644,0.6361,,,,
G,0.1585,0.1573,0.6088,0.6055,0.4496,0.4843,0.0840,0.0668,,,,
H,0.0755,0.0630,0.4779,0.4657,0.4238,0.4467,0.0875,0.0796,,,,
