Simulated plate export,TNFa_P1
Analyte,TNF-α
Wavelength,450 nm

,1,2,3,4,5,6,7,8,9,10,11,12
A,2.1202,2.2141,0.3030,0.2829,0.3011,0.1699,0.5396,0.4962,0.1792,0.1520,,
B,1.7385,1.7719,0.7881,0.8537,0.5942,0.5654,0.6857,0.6777,,,,
C,1.0927,1.1207,1.8389,1.9957,0.1779,0.1724,0.5837,0.6466,,,,
D,0.6818,0.6597,0.7573,0.7554,0.1978,0.1931,0.4338,0.4737,,,,
E,0.4185,0.3974,0.9612,1.0104,0.1196,0.1324,0.8962,0.9325,,,,
F,0.2199,0.2145,0.7024,0.6596,0.7371,0.7075,0.2138,0.2386,,,,
G,0.1434,0.1571,0.4389,0.4181,0.3261,0.3172,0.3114,0.3133,,,,
H,0.0877,0.1039,0.1594,0.1597,0.4570,0.4640,0.2131,0.2440,,,,
