sample_id,authors_conc
M_NSF0h-1,3.1666666666666603
M_NSF0h-2,5.83333333333332
M_NSF0h-3,0.0
M_NSF0h-4,8.833333333333323
M_NSF0h-5,8.833333333333323
M_NSF0h-6,0.0
M_NSF0h-7,0.0
M_NSF0h-8,0.0
M_NSF0h-9,4.499999999999999
M_NSF0h-10,5.33333333333332
M_NSF1h-1,10.766666666666667
M_NSF1h-2,1.5999999999999979
M_NSF1h-3,1.0999999999999972
M_NSF1h-4,1.266666666666664
M_NSF1h-5,5.099999999999996
M_NSF1h-6,4.599999999999996
M_NSF1h-7,2.5999999999999988
M_NSF1h-8,3.4333333333333327
M_NSF1h-9,1.433333333333331
M_NSF1h-10,2.2666666666666604
M_ASF1h-1,0.2666666666666678
M_ASF1h-2,2.7666666666666653
M_ASF1h-3,1.433333333333331
M_ASF1h-4,2.0999999999999983
M_ASF1h-5,1.7666666666666646
M_ASF1h-6,2.0999999999999983
M_ASF1h-7,1.7666666666666646
M_ASF1h-8,13.599999999999994
M_ASF1h-9,8.599999999999998
M_ASF1h-10,0.5999999999999968
M_NSF2h-1,3.979166666666667
M_NSF2h-2,5.298611111111111
M_NSF2h-3,2.5555555555555545
M_NSF2h-4,4.694444444444442
M_NSF2h-5,4.34722222222222
M_NSF2h-6,-0.18750000000000153
M_NSF2h-7,1.236111111111109
M_NSF2h-8,3.284722222222222
M_NSF2h-9,1.9861111111111063
M_NSF2h-10,0.6458333333333326
M_ASF2h-1,2.1249999999999956
M_ASF2h-2,1.7777777777777728
M_ASF2h-3,1.8958333333333317
M_ASF2h-4,8.805555555555554
M_ASF2h-5,3.5972222222222223
M_ASF2h-6,3.284722222222222
M_ASF2h-7,2.333333333333329
M_ASF2h-8,24.430555555555554
M_ASF2h-9,24.361111111111114
M_ASF2h-10,10.923611111111114
M_NSF6h-1,0.5972222222222201
M_NSF6h-2,2.9374999999999996
M_NSF6h-3,1.3402777777777757
M_NSF6h-4,3.444444444444441
M_NSF6h-5,0.9236111111111087
M_NSF6h-6,1.6874999999999982
M_NSF6h-7,5.458333333333332
M_NSF6h-8,3.840277777777778
M_NSF6h-9,-0.36111111111111277
M_NSF6h-10,4.569444444444444
M_ASF6h-1,38.03846153846154
M_ASF6h-2,37.480769230769226
M_ASF6h-3,41.884615384615394
M_ASF6h-4,15.846153846153845
M_ASF6h-5,11.038461538461538
M_ASF6h-6,31.69230769230769
M_ASF6h-7,26.567307692307693
M_ASF6h-8,27.480769230769226
M_ASF6h-9,13.53846153846154
M_ASF6h-10,23.92307692307693
M_NSF12h-1,4.807692307692309
M_NSF12h-2,2.8365384615384603
M_NSF12h-3,5.4807692307692335
M_NSF12h-4,3.3173076923076916
M_NSF12h-5,4.903846153846154
M_NSF12h-6,4.134615384615384
M_NSF12h-7,3.6538461538461546
M_NSF12h-8,6.10576923076923
M_NSF12h-9,-1.3344026738283132e-15
M_NSF12h-10,2.067307692307693
M_ASF12h-1,4.499999999999998
M_ASF12h-2,17.72115384615385
M_ASF12h-3,22.75
M_ASF12h-4,5.60576923076923
M_ASF12h-5,5.509615384615384
M_ASF12h-6,7.942307692307693
M_ASF12h-7,20.990384615384613
M_ASF12h-8,21.21153846153846
M_ASF12h-9,17.942307692307697
M_ASF12h-10,15.05769230769231
M_NSF24h-1,3.0776699029126218
M_NSF24h-2,4.194174757281552
M_NSF24h-3,1.6699029126213585
M_NSF24h-4,3.922330097087378
M_NSF24h-5,3.339805825242717
M_NSF24h-6,5.2621359223300965
M_NSF24h-7,1.3009708737864072
M_NSF24h-8,1.233009708737863
M_NSF24h-9,5.766990291262137
M_NSF24h-10,3.0291262135922334
M_ASF24h-1,6.1553398058252435
M_ASF24h-2,6.174757281553397
M_ASF24h-3,8.97087378640777
M_ASF24h-4,14.796116504854366
M_ASF24h-5,6.961165048543688
M_ASF24h-6,8.21359223300971
M_ASF24h-7,8.563106796116505
M_ASF24h-8,11.718446601941748
M_ASF24h-9,15.45631067961165
M_ASF24h-10,11.572815533980583
