sample_id,treatment,time_h,replicate,group,plate,wells,dilution,source_cell
M_ASF1h-1,ASF,1,1,ASF 1h,1,"E7,E8",1.0,O12
M_ASF1h-2,ASF,1,2,ASF 1h,1,"F7,F8",1.0,O13
M_ASF1h-3,ASF,1,3,ASF 1h,1,"G7,G8",1.0,O14
M_ASF1h-4,ASF,1,4,ASF 1h,1,"H7,H8",1.0,O15
M_ASF1h-5,ASF,1,5,ASF 1h,1,"A9,A10",1.0,O16
M_ASF1h-6,ASF,1,6,ASF 1h,1,"B9,B10",1.0,O17
M_ASF1h-7,ASF,1,7,ASF 1h,1,"C9,C10",1.0,O18
M_ASF1h-8,ASF,1,8,ASF 1h,1,"D9,D10",1.0,O19
M_ASF1h-9,ASF,1,9,ASF 1h,1,"E9,E10",1.0,O20
M_ASF1h-10,ASF,1,10,ASF 1h,1,"F9,F10",1.0,O21
M_NSF0h-1,NSF,0,1,NSF 0h,1,"A3,A4",1.0,B12
M_NSF0h-2,NSF,0,2,NSF 0h,1,"B3,B4",3.0,B13
M_NSF0h-3,NSF,0,3,NSF 0h,1,"C3,C4",3.0,B14
M_NSF0h-4,NSF,0,4,NSF 0h,1,"D3,D4",3.0,B15
M_NSF0h-5,NSF,0,5,NSF 0h,1,"E3,E4",3.0,B16
M_NSF0h-6,NSF,0,6,NSF 0h,1,"F3,F4",3.0,B17
M_NSF0h-7,NSF,0,7,NSF 0h,1,"G3,G4",3.0,B18
M_NSF0h-8,NSF,0,8,NSF 0h,1,"H3,H4",3.0,B19
M_NSF0h-9,NSF,0,9,NSF 0h,1,"A5,A6",1.0,B20
M_NSF0h-10,NSF,0,10,NSF 0h,1,"B5,B6",3.0,B21
M_NSF1h-1,NSF,1,1,NSF 1h,1,"C5,C6",1.0,I12
M_NSF1h-2,NSF,1,2,NSF 1h,1,"D5,D6",1.0,I13
M_NSF1h-3,NSF,1,3,NSF 1h,1,"E5,E6",1.0,I14
M_NSF1h-4,NSF,1,4,NSF 1h,1,"F5,F6",1.0,I15
M_NSF1h-5,NSF,1,5,NSF 1h,1,"G5,G6",1.0,I16
M_NSF1h-6,NSF,1,6,NSF 1h,1,"H5,H6",1.0,I17
M_NSF1h-7,NSF,1,7,NSF 1h,1,"A7,A8",1.0,I18
M_NSF1h-8,NSF,1,8,NSF 1h,1,"B7,B8",1.0,I19
M_NSF1h-9,NSF,1,9,NSF 1h,1,"C7,C8",1.0,I20
M_NSF1h-10,NSF,1,10,NSF 1h,1,"D7,D8",1.0,I21
M_ASF2h-1,ASF,2,1,ASF 2h,2,"C5,C6",2.0,I38
M_ASF2h-2,ASF,2,2,ASF 2h,2,"D5,D6",2.0,I39
M_ASF2h-3,ASF,2,3,ASF 2h,2,"E5,E6",1.0,I40
M_ASF2h-4,ASF,2,4,ASF 2h,2,"F5,F6",1.0,I41
M_ASF2h-5,ASF,2,5,ASF 2h,2,"G5,G6",1.0,I42
M_ASF2h-6,ASF,2,6,ASF 2h,2,"H5,H6",1.0,I43
M_ASF2h-7,ASF,2,7,ASF 2h,2,"A7,A8",2.0,I44
M_ASF2h-8,ASF,2,8,ASF 2h,2,"B7,B8",1.0,I45
M_ASF2h-9,ASF,2,9,ASF 2h,2,"C7,C8",1.0,I46
M_ASF2h-10,ASF,2,10,ASF 2h,2,"D7,D8",1.0,I47
M_NSF2h-1,NSF,2,1,NSF 2h,2,"A3,A4",1.0,B38
M_NSF2h-2,NSF,2,2,NSF 2h,2,"B3,B4",1.0,B39
M_NSF2h-3,NSF,2,3,NSF 2h,2,"C3,C4",1.0,B40
M_NSF2h-4,NSF,2,4,NSF 2h,2,"D3,D4",2.0,B41
M_NSF2h-5,NSF,2,5,NSF 2h,2,"E3,E4",2.0,B42
M_NSF2h-6,NSF,2,6,NSF 2h,2,"F3,F4",1.0,B43
M_NSF2h-7,NSF,2,7,NSF 2h,2,"G3,G4",1.0,B44
M_NSF2h-8,NSF,2,8,NSF 2h,2,"H3,H4",1.0,B45
M_NSF2h-9,NSF,2,9,NSF 2h,2,"A5,A6",2.0,B46
M_NSF2h-10,NSF,2,10,NSF 2h,2,"B5,B6",1.0,B47
M_NSF6h-1,NSF,6,1,NSF 6h,2,"E7,E8",2.0,O38
M_NSF6h-2,NSF,6,2,NSF 6h,2,"F7,F8",1.0,O39
M_NSF6h-3,NSF,6,3,NSF 6h,2,"G7,G8",1.0,O40
M_NSF6h-4,NSF,6,4,NSF 6h,2,"H7,H8",2.0,O41
M_NSF6h-5,NSF,6,5,NSF 6h,2,"A9,A10",1.0,O42
M_NSF6h-6,NSF,6,6,NSF 6h,2,"B9,B10",1.0,O43
M_NSF6h-7,NSF,6,7,NSF 6h,2,"C9,C10",2.0,O44
M_NSF6h-8,NSF,6,8,NSF 6h,2,"D9,D10",1.0,O45
M_NSF6h-9,NSF,6,9,NSF 6h,2,"E9,E10",1.0,O46
M_NSF6h-10,NSF,6,10,NSF 6h,2,"F9,F10",1.0,O47
M_ASF6h-1,ASF,6,1,ASF 6h,3,"A3,A4",2.0,B69
M_ASF6h-2,ASF,6,2,ASF 6h,3,"B3,B4",1.0,B70
M_ASF6h-3,ASF,6,3,ASF 6h,3,"C3,C4",2.0,B71
M_ASF6h-4,ASF,6,4,ASF 6h,3,"D3,D4",1.0,B72
M_ASF6h-5,ASF,6,5,ASF 6h,3,"E3,E4",1.0,B73
M_ASF6h-6,ASF,6,6,ASF 6h,3,"F3,F4",2.0,B74
M_ASF6h-7,ASF,6,7,ASF 6h,3,"G3,G4",1.0,B75
M_ASF6h-8,ASF,6,8,ASF 6h,3,"H3,H4",1.0,B76
M_ASF6h-9,ASF,6,9,ASF 6h,3,"A5,A6",1.0,B77
M_ASF6h-10,ASF,6,10,ASF 6h,3,"B5,B6",1.0,B78
M_ASF12h-1,ASF,12,1,ASF 12h,3,"E7,E8",1.0,O69
M_ASF12h-2,ASF,12,2,ASF 12h,3,"F7,F8",1.0,O70
M_ASF12h-3,ASF,12,3,ASF 12h,3,"G7,G8",2.0,O71
M_ASF12h-4,ASF,12,4,ASF 12h,3,"H7,H8",1.0,O72
M_ASF12h-5,ASF,12,5,ASF 12h,3,"A9,A10",1.0,O73
M_ASF12h-6,ASF,12,6,ASF 12h,3,"B9,B10",2.0,O74
M_ASF12h-7,ASF,12,7,ASF 12h,3,"C9,C10",1.0,O75
M_ASF12h-8,ASF,12,8,ASF 12h,3,"D9,D10",2.0,O76
M_ASF12h-9,ASF,12,9,ASF 12h,3,"E9,E10",2.0,O77
M_ASF12h-10,ASF,12,10,ASF 12h,3,"F9,F10",2.0,O78
M_NSF12h-1,NSF,12,1,NSF 12h,3,"C5,C6",2.0,I69
M_NSF12h-2,NSF,12,2,NSF 12h,3,"D5,D6",1.0,I70
M_NSF12h-3,NSF,12,3,NSF 12h,3,"E5,E6",2.0,I71
M_NSF12h-4,NSF,12,4,NSF 12h,3,"F5,F6",1.0,I72
M_NSF12h-5,NSF,12,5,NSF 12h,3,"G5,G6",1.0,I73
M_NSF12h-6,NSF,12,6,NSF 12h,3,"H5,H6",1.0,I74
M_NSF12h-7,NSF,12,7,NSF 12h,3,"A7,A8",2.0,I75
M_NSF12h-8,NSF,12,8,NSF 12h,3,"B7,B8",1.0,I76
M_NSF12h-9,NSF,12,9,NSF 12h,3,"C7,C8",1.0,I77
M_NSF12h-10,NSF,12,10,NSF 12h,3,"D7,D8",1.0,I78
M_ASF24h-1,ASF,24,1,ASF 24h,4,"C5,C6",2.0,I96
M_ASF24h-2,ASF,24,2,ASF 24h,4,"D5,D6",3.0,I97
M_ASF24h-3,ASF,24,3,ASF 24h,4,"E5,E6",2.0,I98
M_ASF24h-4,ASF,24,4,ASF 24h,4,"F5,F6",2.0,I99
M_ASF24h-5,ASF,24,5,ASF 24h,4,"G5,G6",1.0,I100
M_ASF24h-6,ASF,24,6,ASF 24h,4,"H5,H6",3.0,I101
M_ASF24h-7,ASF,24,7,ASF 24h,4,"A7,A8",1.0,I102
M_ASF24h-8,ASF,24,8,ASF 24h,4,"B7,B8",1.0,I103
M_ASF24h-9,ASF,24,9,ASF 24h,4,"C7,C8",1.0,I104
M_ASF24h-10,ASF,24,10,ASF 24h,4,"D7,D8",1.0,I105
M_NSF24h-1,NSF,24,1,NSF 24h,4,"A3,A4",1.0,B96
M_NSF24h-2,NSF,24,2,NSF 24h,4,"B3,B4",1.0,B97
M_NSF24h-3,NSF,24,3,NSF 24h,4,"C3,C4",1.0,B98
M_NSF24h-4,NSF,24,4,NSF 24h,4,"D3,D4",2.0,B99
M_NSF24h-5,NSF,24,5,NSF 24h,4,"E3,E4",2.0,B100
M_NSF24h-6,NSF,24,6,NSF 24h,4,"F3,F4",1.0,B101
M_NSF24h-7,NSF,24,7,NSF 24h,4,"G3,G4",2.0,B102
M_NSF24h-8,NSF,24,8,NSF 24h,4,"H3,H4",1.0,B103
M_NSF24h-9,NSF,24,9,NSF 24h,4,"A5,A6",2.0,B104
M_NSF24h-10,NSF,24,10,NSF 24h,4,"B5,B6",1.0,B105
